{
    "duration_s": 203.18671530112624,
    "samples": 53370,
    "rmse_pos": 5.476763264146781,
    "max_error": 18.30797999118485,
    "mean_error": 3.436743384573457,
    "avg_speed": 6.088990575998504,
    "max_speed": 17.625710216738312,
    "avg_jerk": 12.424813995507503,
    "max_jerk": 3069.657205350603,
    "rms_jerk": 33.69439115700218,
    "p95_jerk": 54.801460775408074
}