{
    "duration_s": 262.3441620990634,
    "samples": 58809,
    "rmse_pos": 4.911578943550072,
    "max_error": 16.08037489635031,
    "mean_error": 3.2513761646145105,
    "avg_speed": 5.838261184815461,
    "max_speed": 17.32966452599747,
    "avg_jerk": 123.62735200196106,
    "max_jerk": 2745.9110454857832,
    "rms_jerk": 241.9374978950745,
    "p95_jerk": 480.2004302014436
}